Workbook

Sheet GST + Invocie No
X1: Book And 2B Match-Invocies No Mis-Match
Q2: =SUBTOTAL(9,Q4:Q186) -> -210260.42 | R2: =SUBTOTAL(9,R4:R186) -> 18415.34 | S2: =SUBTOTAL(9,S4:S186) -> -28128.49 | T2: =SUBTOTAL(9,T4:T186) -> -28128.49
E3: As per Book | K3: As per 2B | Q3: Diff Book vs 2B
A4: GST No | B4: GST + Invoices No | C4: Counts | D4: 0 | E4: Book Taxable Amount | F4: Book IGST | G4: Book CGST | H4: Book SGST | I4: Cess | J4: 0 | K4: 2B Taxable Amount | L4: 2B IGST | M4: 2B CGST | N4: 2B SGST | O4: Cess | P4: 0 | Q4: Taxable Amount | R4: IGST | S4: CGST | T4: SGST | U4: Cess | V4: 0 | W4: GST Wisr Status | Y4: Final Remarks
A5: 06AABCF5150G1ZZ | B5: 06AABCF5150G1ZZ_ADS406-104287387 | E5: =SUMIF(Book!$G:$G,$B5,Book!J:J) -> 42.03 | F5: =SUMIF(Book!$G:$G,$B5,Book!L:L) -> 7.57 | G5: =SUMIF(Book!$G:$G,$B5,Book!M:M) -> 0 | H5: =SUMIF(Book!$G:$G,$B5,Book!N:N) -> 0 | I5: =SUMIF(Book!$G:$G,$B5,Book!O:O) -> 0 | K5: =SUMIF('GSTR-2B'!$G:$G,$B5,'GSTR-2B'!J:J) -> 42.03 | L5: =SUMIF('GSTR-2B'!$G:$G,$B5,'GSTR-2B'!L:L) -> 7.57 | M5: =SUMIF('GSTR-2B'!$G:$G,$B5,'GSTR-2B'!M:M) -> 0 | N5: =SUMIF('GSTR-2B'!$G:$G,$B5,'GSTR-2B'!N:N) -> 0 | O5: =SUMIF('GSTR-2B'!$G:$G,$B5,'GSTR-2B'!O:O) -> 0 | Q5: =+E5-K5 -> 0 | R5: =+F5-L5 -> 0 | S5: =+G5-M5 -> 0 | T5: =+H5-N5 -> 0 | U5: =SUMIF('GSTR-2B'!$G:$G,$B5,'GSTR-2B'!U:U) -> 0 | W5: =VLOOKUP(A5,'GST Wise Reco'!$A$3:$T$34,20,0) -> Book And 2B Match | X5: Book And 2B Match | Y5: Book And 2B Match
A6: 06AABCF5150G1ZZ | B6: 06AABCF5150G1ZZ_ADS406-104290423 | E6: =SUMIF(Book!$G:$G,$B6,Book!J:J) -> 44.58 | F6: =SUMIF(Book!$G:$G,$B6,Book!L:L) -> 8.02 | G6: =SUMIF(Book!$G:$G,$B6,Book!M:M) -> 0 | H6: =SUMIF(Book!$G:$G,$B6,Book!N:N) -> 0 | I6: =SUMIF(Book!$G:$G,$B6,Book!O:O) -> 0 | K6: =SUMIF('GSTR-2B'!$G:$G,$B6,'GSTR-2B'!J:J) -> 44.58 | L6: =SUMIF('GSTR-2B'!$G:$G,$B6,'GSTR-2B'!L:L) -> 8.02 | M6: =SUMIF('GSTR-2B'!$G:$G,$B6,'GSTR-2B'!M:M) -> 0 | N6: =SUMIF('GSTR-2B'!$G:$G,$B6,'GSTR-2B'!N:N) -> 0 | O6: =SUMIF('GSTR-2B'!$G:$G,$B6,'GSTR-2B'!O:O) -> 0 | Q6: =+E6-K6 -> 0 | R6: =+F6-L6 -> 0 | S6: =+G6-M6 -> 0 | T6: =+H6-N6 -> 0 | U6: =SUMIF('GSTR-2B'!$G:$G,$B6,'GSTR-2B'!U:U) -> 0 | W6: =VLOOKUP(A6,'GST Wise Reco'!$A$3:$T$34,20,0) -> Book And 2B Match | X6: Book And 2B Match | Y6: Book And 2B Match
A7: 06AABCF5150G1ZZ | B7: 06AABCF5150G1ZZ_ADS406-104296522 | E7: =SUMIF(Book!$G:$G,$B7,Book!J:J) -> 40.56 | F7: =SUMIF(Book!$G:$G,$B7,Book!L:L) -> 7.3 | G7: =SUMIF(Book!$G:$G,$B7,Book!M:M) -> 0 | H7: =SUMIF(Book!$G:$G,$B7,Book!N:N) -> 0 | I7: =SUMIF(Book!$G:$G,$B7,Book!O:O) -> 0 | K7: =SUMIF('GSTR-2B'!$G:$G,$B7,'GSTR-2B'!J:J) -> 40.56 | L7: =SUMIF('GSTR-2B'!$G:$G,$B7,'GSTR-2B'!L:L) -> 7.3 | M7: =SUMIF('GSTR-2B'!$G:$G,$B7,'GSTR-2B'!M:M) -> 0 | N7: =SUMIF('GSTR-2B'!$G:$G,$B7,'GSTR-2B'!N:N) -> 0 | O7: =SUMIF('GSTR-2B'!$G:$G,$B7,'GSTR-2B'!O:O) -> 0 | Q7: =+E7-K7 -> 0 | R7: =+F7-L7 -> 0 | S7: =+G7-M7 -> 0 | T7: =+H7-N7 -> 0 | U7: =SUMIF('GSTR-2B'!$G:$G,$B7,'GSTR-2B'!U:U) -> 0 | W7: =VLOOKUP(A7,'GST Wise Reco'!$A$3:$T$34,20,0) -> Book And 2B Match | X7: Book And 2B Match | Y7: Book And 2B Match
A8: 06AABCF5150G1ZZ | B8: 06AABCF5150G1ZZ_ADS406-104299421 | E8: =SUMIF(Book!$G:$G,$B8,Book!J:J) -> 45.64 | F8: =SUMIF(Book!$G:$G,$B8,Book!L:L) -> 8.22 | G8: =SUMIF(Book!$G:$G,$B8,Book!M:M) -> 0 | H8: =SUMIF(Book!$G:$G,$B8,Book!N:N) -> 0 | I8: =SUMIF(Book!$G:$G,$B8,Book!O:O) -> 0 | K8: =SUMIF('GSTR-2B'!$G:$G,$B8,'GSTR-2B'!J:J) -> 45.64 | L8: =SUMIF('GSTR-2B'!$G:$G,$B8,'GSTR-2B'!L:L) -> 8.22 | M8: =SUMIF('GSTR-2B'!$G:$G,$B8,'GSTR-2B'!M:M) -> 0 | N8: =SUMIF('GSTR-2B'!$G:$G,$B8,'GSTR-2B'!N:N) -> 0 | O8: =SUMIF('GSTR-2B'!$G:$G,$B8,'GSTR-2B'!O:O) -> 0 | Q8: =+E8-K8 -> 0 | R8: =+F8-L8 -> 0 | S8: =+G8-M8 -> 0 | T8: =+H8-N8 -> 0 | U8: =SUMIF('GSTR-2B'!$G:$G,$B8,'GSTR-2B'!U:U) -> 0 | W8: =VLOOKUP(A8,'GST Wise Reco'!$A$3:$T$34,20,0) -> Book And 2B Match | X8: Book And 2B Match | Y8: Book And 2B Match
A9: 06AABCF5150G1ZZ | B9: 06AABCF5150G1ZZ_ADS406-104334095 | E9: =SUMIF(Book!$G:$G,$B9,Book!J:J) -> 42.57 | F9: =SUMIF(Book!$G:$G,$B9,Book!L:L) -> 7.66 | G9: =SUMIF(Book!$G:$G,$B9,Book!M:M) -> 0 | H9: =SUMIF(Book!$G:$G,$B9,Book!N:N) -> 0 | I9: =SUMIF(Book!$G:$G,$B9,Book!O:O) -> 0 | K9: =SUMIF('GSTR-2B'!$G:$G,$B9,'GSTR-2B'!J:J) -> 42.57 | L9: =SUMIF('GSTR-2B'!$G:$G,$B9,'GSTR-2B'!L:L) -> 7.66 | M9: =SUMIF('GSTR-2B'!$G:$G,$B9,'GSTR-2B'!M:M) -> 0 | N9: =SUMIF('GSTR-2B'!$G:$G,$B9,'GSTR-2B'!N:N) -> 0 | O9: =SUMIF('GSTR-2B'!$G:$G,$B9,'GSTR-2B'!O:O) -> 0 | Q9: =+E9-K9 -> 0 | R9: =+F9-L9 -> 0 | S9: =+G9-M9 -> 0 | T9: =+H9-N9 -> 0 | U9: =SUMIF('GSTR-2B'!$G:$G,$B9,'GSTR-2B'!U:U) -> 0 | W9: =VLOOKUP(A9,'GST Wise Reco'!$A$3:$T$34,20,0) -> Book And 2B Match | X9: Book And 2B Match | Y9: Book And 2B Match
A10: 06AABCF5150G1ZZ | B10: 06AABCF5150G1ZZ_ADS406-104336831 | E10: =SUMIF(Book!$G:$G,$B10,Book!J:J) -> 43.09 | F10: =SUMIF(Book!$G:$G,$B10,Book!L:L) -> 7.76 | G10: =SUMIF(Book!$G:$G,$B10,Book!M:M) -> 0 | H10: =SUMIF(Book!$G:$G,$B10,Book!N:N) -> 0 | I10: =SUMIF(Book!$G:$G,$B10,Book!O:O) -> 0 | K10: =SUMIF('GSTR-2B'!$G:$G,$B10,'GSTR-2B'!J:J) -> 43.09 | L10: =SUMIF('GSTR-2B'!$G:$G,$B10,'GSTR-2B'!L:L) -> 7.76 | M10: =SUMIF('GSTR-2B'!$G:$G,$B10,'GSTR-2B'!M:M) -> 0 | N10: =SUMIF('GSTR-2B'!$G:$G,$B10,'GSTR-2B'!N:N) -> 0 | O10: =SUMIF('GSTR-2B'!$G:$G,$B10,'GSTR-2B'!O:O) -> 0 | Q10: =+E10-K10 -> 0 | R10: =+F10-L10 -> 0 | S10: =+G10-M10 -> 0 | T10: =+H10-N10 -> 0 | U10: =SUMIF('GSTR-2B'!$G:$G,$B10,'GSTR-2B'!U:U) -> 0 | W10: =VLOOKUP(A10,'GST Wise Reco'!$A$3:$T$34,20,0) -> Book And 2B Match | X10: Book And 2B Match | Y10: Book And 2B Match
A11: 06AABCF5150G1ZZ | B11: 06AABCF5150G1ZZ_ADS406-104353979 | E11: =SUMIF(Book!$G:$G,$B11,Book!J:J) -> 35.39 | F11: =SUMIF(Book!$G:$G,$B11,Book!L:L) -> 6.37 | G11: =SUMIF(Book!$G:$G,$B11,Book!M:M) -> 0 | H11: =SUMIF(Book!$G:$G,$B11,Book!N:N) -> 0 | I11: =SUMIF(Book!$G:$G,$B11,Book!O:O) -> 0 | K11: =SUMIF('GSTR-2B'!$G:$G,$B11,'GSTR-2B'!J:J) -> 35.39 | L11: =SUMIF('GSTR-2B'!$G:$G,$B11,'GSTR-2B'!L:L) -> 6.37 | M11: =SUMIF('GSTR-2B'!$G:$G,$B11,'GSTR-2B'!M:M) -> 0 | N11: =SUMIF('GSTR-2B'!$G:$G,$B11,'GSTR-2B'!N:N) -> 0 | O11: =SUMIF('GSTR-2B'!$G:$G,$B11,'GSTR-2B'!O:O) -> 0 | Q11: =+E11-K11 -> 0 | R11: =+F11-L11 -> 0 | S11: =+G11-M11 -> 0 | T11: =+H11-N11 -> 0 | U11: =SUMIF('GSTR-2B'!$G:$G,$B11,'GSTR-2B'!U:U) -> 0 | W11: =VLOOKUP(A11,'GST Wise Reco'!$A$3:$T$34,20,0) -> Book And 2B Match | X11: Book And 2B Match | Y11: Book And 2B Match
A12: 06AABCF5150G1ZZ | B12: 06AABCF5150G1ZZ_ADS406-104356904 | E12: =SUMIF(Book!$G:$G,$B12,Book!J:J) -> 49.12 | F12: =SUMIF(Book!$G:$G,$B12,Book!L:L) -> 8.84 | G12: =SUMIF(Book!$G:$G,$B12,Book!M:M) -> 0 | H12: =SUMIF(Book!$G:$G,$B12,Book!N:N) -> 0 | I12: =SUMIF(Book!$G:$G,$B12,Book!O:O) -> 0 | K12: =SUMIF('GSTR-2B'!$G:$G,$B12,'GSTR-2B'!J:J) -> 49.12 | L12: =SUMIF('GSTR-2B'!$G:$G,$B12,'GSTR-2B'!L:L) -> 8.84 | M12: =SUMIF('GSTR-2B'!$G:$G,$B12,'GSTR-2B'!M:M) -> 0 | N12: =SUMIF('GSTR-2B'!$G:$G,$B12,'GSTR-2B'!N:N) -> 0 | O12: =SUMIF('GSTR-2B'!$G:$G,$B12,'GSTR-2B'!O:O) -> 0 | Q12: =+E12-K12 -> 0 | R12: =+F12-L12 -> 0 | S12: =+G12-M12 -> 0 | T12: =+H12-N12 -> 0 | U12: =SUMIF('GSTR-2B'!$G:$G,$B12,'GSTR-2B'!U:U) -> 0 | W12: =VLOOKUP(A12,'GST Wise Reco'!$A$3:$T$34,20,0) -> Book And 2B Match | X12: Book And 2B Match | Y12: Book And 2B Match
A13: 06AABCF5150G1ZZ | B13: 06AABCF5150G1ZZ_ADS406-104359679 | E13: =SUMIF(Book!$G:$G,$B13,Book!J:J) -> 0.04 | F13: =SUMIF(Book!$G:$G,$B13,Book!L:L) -> 0.01 | G13: =SUMIF(Book!$G:$G,$B13,Book!M:M) -> 0 | H13: =SUMIF(Book!$G:$G,$B13,Book!N:N) -> 0 | I13: =SUMIF(Book!$G:$G,$B13,Book!O:O) -> 0 | K13: =SUMIF('GSTR-2B'!$G:$G,$B13,'GSTR-2B'!J:J) -> 0.04 | L13: =SUMIF('GSTR-2B'!$G:$G,$B13,'GSTR-2B'!L:L) -> 0.01 | M13: =SUMIF('GSTR-2B'!$G:$G,$B13,'GSTR-2B'!M:M) -> 0 | N13: =SUMIF('GSTR-2B'!$G:$G,$B13,'GSTR-2B'!N:N) -> 0 | O13: =SUMIF('GSTR-2B'!$G:$G,$B13,'GSTR-2B'!O:O) -> 0 | Q13: =+E13-K13 -> 0 | R13: =+F13-L13 -> 0 | S13: =+G13-M13 -> 0 | T13: =+H13-N13 -> 0 | U13: =SUMIF('GSTR-2B'!$G:$G,$B13,'GSTR-2B'!U:U) -> 0 | W13: =VLOOKUP(A13,'GST Wise Reco'!$A$3:$T$34,20,0) -> Book And 2B Match | X13: Book And 2B Match | Y13: Book And 2B Match
A14: 06AABCF5150G1ZZ | B14: 06AABCF5150G1ZZ_ADS406-104368307 | E14: =SUMIF(Book!$G:$G,$B14,Book!J:J) -> 40.24 | F14: =SUMIF(Book!$G:$G,$B14,Book!L:L) -> 7.24 | G14: =SUMIF(Book!$G:$G,$B14,Book!M:M) -> 0 | H14: =SUMIF(Book!$G:$G,$B14,Book!N:N) -> 0 | I14: =SUMIF(Book!$G:$G,$B14,Book!O:O) -> 0 | K14: =SUMIF('GSTR-2B'!$G:$G,$B14,'GSTR-2B'!J:J) -> 40.24 | L14: =SUMIF('GSTR-2B'!$G:$G,$B14,'GSTR-2B'!L:L) -> 7.24 | M14: =SUMIF('GSTR-2B'!$G:$G,$B14,'GSTR-2B'!M:M) -> 0 | N14: =SUMIF('GSTR-2B'!$G:$G,$B14,'GSTR-2B'!N:N) -> 0 | O14: =SUMIF('GSTR-2B'!$G:$G,$B14,'GSTR-2B'!O:O) -> 0 | Q14: =+E14-K14 -> 0 | R14: =+F14-L14 -> 0 | S14: =+G14-M14 -> 0 | T14: =+H14-N14 -> 0 | U14: =SUMIF('GSTR-2B'!$G:$G,$B14,'GSTR-2B'!U:U) -> 0 | W14: =VLOOKUP(A14,'GST Wise Reco'!$A$3:$T$34,20,0) -> Book And 2B Match | X14: Book And 2B Match | Y14: Book And 2B Match
A15: 06AABCF5150G1ZZ | B15: 06AABCF5150G1ZZ_ADS406-104371660 | E15: =SUMIF(Book!$G:$G,$B15,Book!J:J) -> 44.63 | F15: =SUMIF(Book!$G:$G,$B15,Book!L:L) -> 8.03 | G15: =SUMIF(Book!$G:$G,$B15,Book!M:M) -> 0 | H15: =SUMIF(Book!$G:$G,$B15,Book!N:N) -> 0 | I15: =SUMIF(Book!$G:$G,$B15,Book!O:O) -> 0 | K15: =SUMIF('GSTR-2B'!$G:$G,$B15,'GSTR-2B'!J:J) -> 44.63 | L15: =SUMIF('GSTR-2B'!$G:$G,$B15,'GSTR-2B'!L:L) -> 8.03 | M15: =SUMIF('GSTR-2B'!$G:$G,$B15,'GSTR-2B'!M:M) -> 0 | N15: =SUMIF('GSTR-2B'!$G:$G,$B15,'GSTR-2B'!N:N) -> 0 | O15: =SUMIF('GSTR-2B'!$G:$G,$B15,'GSTR-2B'!O:O) -> 0 | Q15: =+E15-K15 -> 0 | R15: =+F15-L15 -> 0 | S15: =+G15-M15 -> 0 | T15: =+H15-N15 -> 0 | U15: =SUMIF('GSTR-2B'!$G:$G,$B15,'GSTR-2B'!U:U) -> 0 | W15: =VLOOKUP(A15,'GST Wise Reco'!$A$3:$T$34,20,0) -> Book And 2B Match | X15: Book And 2B Match | Y15: Book And 2B Match
A16: 06AABCF5150G1ZZ | B16: 06AABCF5150G1ZZ_ADS406-104380265 | E16: =SUMIF(Book!$G:$G,$B16,Book!J:J) -> 40.81 | F16: =SUMIF(Book!$G:$G,$B16,Book!L:L) -> 7.35 | G16: =SUMIF(Book!$G:$G,$B16,Book!M:M) -> 0 | H16: =SUMIF(Book!$G:$G,$B16,Book!N:N) -> 0 | I16: =SUMIF(Book!$G:$G,$B16,Book!O:O) -> 0 | K16: =SUMIF('GSTR-2B'!$G:$G,$B16,'GSTR-2B'!J:J) -> 40.81 | L16: =SUMIF('GSTR-2B'!$G:$G,$B16,'GSTR-2B'!L:L) -> 7.35 | M16: =SUMIF('GSTR-2B'!$G:$G,$B16,'GSTR-2B'!M:M) -> 0 | N16: =SUMIF('GSTR-2B'!$G:$G,$B16,'GSTR-2B'!N:N) -> 0 | O16: =SUMIF('GSTR-2B'!$G:$G,$B16,'GSTR-2B'!O:O) -> 0 | Q16: =+E16-K16 -> 0 | R16: =+F16-L16 -> 0 | S16: =+G16-M16 -> 0 | T16: =+H16-N16 -> 0 | U16: =SUMIF('GSTR-2B'!$G:$G,$B16,'GSTR-2B'!U:U) -> 0 | W16: =VLOOKUP(A16,'GST Wise Reco'!$A$3:$T$34,20,0) -> Book And 2B Match | X16: Book And 2B Match | Y16: Book And 2B Match
... A184: 27BVDPM7213A1ZZ | B184: 27BVDPM7213A1ZZ_2020198 | E184: =SUMIF(Book!$G:$G,$B184,Book!J:J) -> 0 | F184: =SUMIF(Book!$G:$G,$B184,Book!L:L) -> 0 | G184: =SUMIF(Book!$G:$G,$B184,Book!M:M) -> 0 | H184: =SUMIF(Book!$G:$G,$B184,Book!N:N) -> 0 | I184: =SUMIF(Book!$G:$G,$B184,Book!O:O) -> 0 | K184: =SUMIF('GSTR-2B'!$G:$G,$B184,'GSTR-2B'!J:J) -> 312568 | L184: =SUMIF('GSTR-2B'!$G:$G,$B184,'GSTR-2B'!L:L) -> 0 | M184: =SUMIF('GSTR-2B'!$G:$G,$B184,'GSTR-2B'!M:M) -> 28131 | N184: =SUMIF('GSTR-2B'!$G:$G,$B184,'GSTR-2B'!N:N) -> 28131 | O184: =SUMIF('GSTR-2B'!$G:$G,$B184,'GSTR-2B'!O:O) -> 0 | Q184: =+E184-K184 -> -312568 | R184: =+F184-L184 -> 0 | S184: =+G184-M184 -> -28131 | T184: =+H184-N184 -> -28131 | U184: =SUMIF('GSTR-2B'!$G:$G,$B184,'GSTR-2B'!U:U) -> 0 | W184: =VLOOKUP(A184,'GST Wise Reco'!$A$3:$T$34,20,0) -> Only for the 2B | X184: Only for the 2B | Y184: Only for the 2B
E188: =SUM(E5:E187) -> 3.043158e+08 | F188: =SUM(F5:F187) -> 47697575 | G188: =SUM(G5:G187) -> 3539638.5 | H188: =SUM(H5:H187) -> 3539638.5 | I188: =SUM(I5:I187) -> 0 | K188: =SUM(K5:K187) -> 3.0452606e+08 | L188: =SUM(L5:L187) -> 47679160 | M188: =SUM(M5:M187) -> 3567767 | N188: =SUM(N5:N187) -> 3567767 | O188: =SUM(O5:O187) -> 0 | Q188: =SUM(Q5:Q187) -> -210260.42 | R188: =SUM(R5:R187) -> 18415.34 | S188: =SUM(S5:S187) -> -28128.49 | T188: =SUM(T5:T187) -> -28128.49 | U188: =SUM(U5:U187) -> 0

Sheet GSTR-2B
L1: =SUM(L3:L381) -> 1.4303748e+08 | M1: =SUM(M3:M381) -> 10703301 | N1: =SUM(N3:N381) -> 10703301
A3: Period | B3: Trade/Legal name | C3: GSTIN of supplier | D3: Invoice Type | E3: Reverse Charge | F3: Invoice No | H3: Invoice Date | I3: Invoice Value | J3: Taxable Value | K3: Tax Rate | L3: IGST | M3: CGST | N3: SGST | O3: Cess | P3: Final Remarks
A4: August,2025 | B4: AVRIO MOBILITY PRIVATE LIMITED | C4: 27AASCA5981H1Z2 | D4: Regular | E4: No | F4: AV1001/25-26/01 | G4: =CONCATENATE(C4,"_",F4) -> 27AASCA5981H1Z2_AV1001/25-26/01 | H4: 45870 | I4: 3984251.2 | J4: 3376484.1 | K4: 0 | L4: 0 | M4: 303883.57 | N4: 303883.57 | O4: 0 | P4: =VLOOKUP(G4,'GST + Invocie No'!$B$4:$Y$185,24,0) -> Book And 2B Match
A5: 00 | B5: BDS SERVICES PRIVATE LIMITED | C5: 27AAGCB5066J1ZG | D5: Regular | E5: No | F5: TXN/25-26/1136 | G5: =CONCATENATE(C5,"_",F5) -> 27AAGCB5066J1ZG_TXN/25-26/1136 | H5: 46106 | I5: 42120 | J5: 35695 | K5: 0 | L5: 0 | M5: 3212.55 | N5: 3212.55 | O5: 0 | P5: =VLOOKUP(G5,'GST + Invocie No'!$B$4:$Y$185,24,0) -> Book And 2B Match
A6: April,2025 | B6: BLUE MESSAGGIO PRIVATE LIMITED | C6: 27AALCB9501D1ZS | D6: Regular | E6: No | F6: BMPL0036 | G6: =CONCATENATE(C6,"_",F6) -> 27AALCB9501D1ZS_BMPL0036 | H6: 45753 | I6: 2057423 | J6: 1743579 | K6: 0 | L6: 0 | M6: 156922.11 | N6: 156922.11 | O6: 0 | P6: =VLOOKUP(G6,'GST + Invocie No'!$B$4:$Y$185,24,0) -> Book And 2B Match
A7: May,2025 | B7: BLUE MESSAGGIO PRIVATE LIMITED | C7: 27AALCB9501D1ZS | D7: Regular | E7: No | F7: BMPL0046 | G7: =CONCATENATE(C7,"_",F7) -> 27AALCB9501D1ZS_BMPL0046 | H7: 45778 | I7: 3099838.9 | J7: 2626982.1 | K7: 0 | L7: 0 | M7: 236428.39 | N7: 236428.39 | O7: 0 | P7: =VLOOKUP(G7,'GST + Invocie No'!$B$4:$Y$185,24,0) -> Book And 2B Match
A8: June,2025 | B8: BLUE MESSAGGIO PRIVATE LIMITED | C8: 27AALCB9501D1ZS | D8: Regular | E8: No | F8: BMPL0060 | G8: =CONCATENATE(C8,"_",F8) -> 27AALCB9501D1ZS_BMPL0060 | H8: 45813 | I8: 1236941.6 | J8: 1048255.6 | K8: 0 | L8: 0 | M8: 94343 | N8: 94343 | O8: 0 | P8: =VLOOKUP(G8,'GST + Invocie No'!$B$4:$Y$185,24,0) -> Book And 2B Match
A9: July,2025 | B9: BLUE MESSAGGIO PRIVATE LIMITED | C9: 27AALCB9501D1ZS | D9: Regular | E9: No | F9: BMPL0068 | G9: =CONCATENATE(C9,"_",F9) -> 27AALCB9501D1ZS_BMPL0068 | H9: 45843 | I9: 1750130 | J9: 1483161 | K9: 0 | L9: 0 | M9: 133484.49 | N9: 133484.49 | O9: 0 | P9: =VLOOKUP(G9,'GST + Invocie No'!$B$4:$Y$185,24,0) -> Book And 2B Match
A10: August,2025 | B10: BLUE MESSAGGIO PRIVATE LIMITED | C10: 27AALCB9501D1ZS | D10: Regular | E10: No | F10: BMPL0077 | G10: =CONCATENATE(C10,"_",F10) -> 27AALCB9501D1ZS_BMPL0077 | H10: 45870 | I10: 489524.53 | J10: 414851.3 | K10: 0 | L10: 0 | M10: 37336.62 | N10: 37336.62 | O10: 0 | P10: =VLOOKUP(G10,'GST + Invocie No'!$B$4:$Y$185,24,0) -> Book And 2B Match
A11: September,2025 | B11: BLUE MESSAGGIO PRIVATE LIMITED | C11: 27AALCB9501D1ZS | D11: Regular | E11: No | F11: BMPL0090 | G11: =CONCATENATE(C11,"_",F11) -> 27AALCB9501D1ZS_BMPL0090 | H11: 45906 | I11: 64873.96 | J11: 54977.93 | K11: 0 | L11: 0 | M11: 4948.01 | N11: 4948.01 | O11: 0 | P11: =VLOOKUP(G11,'GST + Invocie No'!$B$4:$Y$185,24,0) -> Book And 2B Match
A12: October,2025 | B12: BLUE MESSAGGIO PRIVATE LIMITED | C12: 27AALCB9501D1ZS | D12: Regular | E12: No | F12: BMPL0099 | G12: =CONCATENATE(C12,"_",F12) -> 27AALCB9501D1ZS_BMPL0099 | H12: 45932 | I12: 1854395 | J12: 1571521.3 | K12: 0 | L12: 0 | M12: 141436.92 | N12: 141436.92 | O12: 0 | P12: =VLOOKUP(G12,'GST + Invocie No'!$B$4:$Y$185,24,0) -> Book And 2B Match
A13: November,2025 | B13: BLUE MESSAGGIO PRIVATE LIMITED | C13: 27AALCB9501D1ZS | D13: Regular | E13: No | F13: BMPL0109 | G13: =CONCATENATE(C13,"_",F13) -> 27AALCB9501D1ZS_BMPL0109 | H13: 45964 | I13: 2271965 | J13: 1925394.3 | K13: 0 | L13: 0 | M13: 173285.49 | N13: 173285.49 | O13: 0 | P13: =VLOOKUP(G13,'GST + Invocie No'!$B$4:$Y$185,24,0) -> Book And 2B Match
A14: December,2025 | B14: BLUE MESSAGGIO PRIVATE LIMITED | C14: 27AALCB9501D1ZS | D14: Regular | E14: No | F14: BMPL0121 | G14: =CONCATENATE(C14,"_",F14) -> 27AALCB9501D1ZS_BMPL0121 | H14: 45997 | I14: 1184700 | J14: 1003983.2 | K14: 0 | L14: 0 | M14: 90358.49 | N14: 90358.49 | O14: 0 | P14: =VLOOKUP(G14,'GST + Invocie No'!$B$4:$Y$185,24,0) -> Book And 2B Match
A15: January,2026 | B15: BLUE MESSAGGIO PRIVATE LIMITED | C15: 27AALCB9501D1ZS | D15: Regular | E15: No | F15: BMPL0145 | G15: =CONCATENATE(C15,"_",F15) -> 27AALCB9501D1ZS_BMPL0145 | H15: 46025 | I15: 2610857 | J15: 2212590.5 | K15: 0 | L15: 0 | M15: 199133.14 | N15: 199133.14 | O15: 0 | P15: =VLOOKUP(G15,'GST + Invocie No'!$B$4:$Y$185,24,0) -> Book And 2B Match
... A164: January,2026 | B164: SAVVY BUSINESS SOLUTIONS PRIVATE LIMITED | C164: 27AAOCS8108A1ZD | D164: DN | E164: No | F164: SB2526971 | G164: =CONCATENATE(C164,"_",F164) -> 27AAOCS8108A1ZD_SB2526971 | H164: 46052 | I164: -17700 | J164: -15000 | K164: 0 | L164: 0 | M164: -1350 | N164: -1350 | O164: 0 | P164: =VLOOKUP(G164,'GST + Invocie No'!$B$4:$Y$185,24,0) -> Vendor are show in 2B - Tax Invoices and CN
L167: =SUM(L4:L166) -> 47679160 | M167: =SUM(M4:M166) -> 3567767 | N167: =SUM(N4:N166) -> 3567767 | O167: =SUM(O4:O166) -> 0
L169: 47679160 | M169: 3567767 | N169: 3567767
L171: =+L167-L169 -> 0 | M171: =+M167-M169 -> 0 | N171: =+N167-N169 -> 0

Sheet Book
A3: Period | B3: Trade/Legal name | C3: GSTIN of supplier | D3: Invoice Type | E3: Reverse Charge | F3: Invoice No | H3: Invoice Date | I3: Invoice Value | J3: Taxable Value | K3: Tax Rate | L3: IGST | M3: CGST | N3: SGST | O3: Cess | P3: Final Report
A4: 45748 | B4: Technowizards Private Limited | C4: 27AAICT8273F1ZY | D4: Purchase | F4: TW/25-26/1001 | G4: =CONCATENATE(C4,"_",F4) -> 27AAICT8273F1ZY_TW/25-26/1001 | H4: 45748 | I4: 135247.92 | J4: 114616.88 | K4: 18 | L4: 0 | M4: 10315.52 | N4: 10315.52 | P4: =VLOOKUP(G4,'GST + Invocie No'!$B$4:$Y$185,24,0) -> Book And 2B Match
A5: 45748 | B5: Proactive Professional Services Pvt. Ltd. | C5: 08AAECP9085D2Z5 | D5: Purchase | F5: PPSPL/25-26/0011 | G5: =CONCATENATE(C5,"_",F5) -> 08AAECP9085D2Z5_PPSPL/25-26/0011 | H5: 45750 | I5: 2986597.6 | J5: 2531014.9 | K5: 18 | L5: 455582.69 | M5: 0 | N5: 0 | P5: =VLOOKUP(G5,'GST + Invocie No'!$B$4:$Y$185,24,0) -> Book And 2B Match
A6: 45748 | B6: BLUE MESSAGGIO PRIVATE LIMITED | C6: 27AALCB9501D1ZS | D6: Purchase | F6: BMPL0036 | G6: =CONCATENATE(C6,"_",F6) -> 27AALCB9501D1ZS_BMPL0036 | H6: 45753 | I6: 2057423.2 | J6: 1743579 | K6: 18 | L6: 0 | M6: 156922.11 | N6: 156922.11 | P6: =VLOOKUP(G6,'GST + Invocie No'!$B$4:$Y$185,24,0) -> Book And 2B Match
A7: 45748 | B7: Dove Soft Ltd (P) | C7: 27AADCD9460D1ZO | D7: Purchase | F7: 25-26/4/214 | G7: =CONCATENATE(C7,"_",F7) -> 27AADCD9460D1ZO_25-26/4/214 | H7: 45777 | I7: 11800 | J7: 10000 | K7: 18 | L7: 0 | M7: 900 | N7: 900 | P7: =VLOOKUP(G7,'GST + Invocie No'!$B$4:$Y$185,24,0) -> Book And 2B Match
A8: 45748 | B8: TAGG TELESERVICES PRIVATE LIMITED | C8: 07AAHCT4293N1ZO | D8: Purchase | F8: TTSPL20250425 | G8: =CONCATENATE(C8,"_",F8) -> 07AAHCT4293N1ZO_TTSPL20250425 | H8: 45777 | I8: 22514.11 | J8: 19079.75 | K8: 18 | L8: 3434.36 | M8: 0 | N8: 0 | P8: =VLOOKUP(G8,'GST + Invocie No'!$B$4:$Y$185,24,0) -> Book And 2B Match
A9: 45748 | B9: SEVEN OCEANS TELESERVICES PRIVATE LIMITED | C9: 27ABDCS7338G1Z4 | D9: Purchase | F9: STPL/25-26/012 | G9: =CONCATENATE(C9,"_",F9) -> 27ABDCS7338G1Z4_STPL/25-26/012 | H9: 45777 | I9: 627588.64 | J9: 531854.78 | K9: 18 | L9: 0 | M9: 47866.93 | N9: 47866.93 | P9: =VLOOKUP(G9,'GST + Invocie No'!$B$4:$Y$185,24,0) -> Book And 2B Match
A10: 45748 | B10: Route Mobile Limited_x000D_ | C10: 27AACCR7740M1ZX | D10: Purchase | F10: RM/04-25/PP0480 | G10: =CONCATENATE(C10,"_",F10) -> 27AACCR7740M1ZX_RM/04-25/PP0480 | H10: 45777 | I10: 3833253.1 | J10: 3248519.6 | K10: 18 | L10: 0 | M10: 292366.77 | N10: 292366.77 | P10: =VLOOKUP(G10,'GST + Invocie No'!$B$4:$Y$185,24,0) -> Book And 2B Match
A11: 45778 | B11: Technowizards Private Limited | C11: 27AAICT8273F1ZY | D11: Purchase | F11: TW/25-26/1012 | G11: =CONCATENATE(C11,"_",F11) -> 27AAICT8273F1ZY_TW/25-26/1012 | H11: 45778 | I11: 1414.74 | J11: 1198.94 | K11: 18 | L11: 0 | M11: 107.9 | N11: 107.9 | P11: =VLOOKUP(G11,'GST + Invocie No'!$B$4:$Y$185,24,0) -> Book And 2B Match
A12: 45778 | B12: BLUE MESSAGGIO PRIVATE LIMITED | C12: 27AALCB9501D1ZS | D12: Purchase | F12: BMPL0046 | G12: =CONCATENATE(C12,"_",F12) -> 27AALCB9501D1ZS_BMPL0046 | H12: 45778 | I12: 3099838.9 | J12: 2626982.1 | K12: 18 | L12: 0 | M12: 236428.39 | N12: 236428.39 | P12: =VLOOKUP(G12,'GST + Invocie No'!$B$4:$Y$185,24,0) -> Book And 2B Match
A13: 45778 | B13: Proactive Professional Services Pvt. Ltd. | C13: 08AAECP9085D2Z5 | D13: Purchase | F13: PPSPL/25-26/0114 | G13: =CONCATENATE(C13,"_",F13) -> 08AAECP9085D2Z5_PPSPL/25-26/0114 | H13: 45783 | I13: 3429261.8 | J13: 2906154.1 | K13: 18 | L13: 523107.74 | M13: 0 | N13: 0 | P13: =VLOOKUP(G13,'GST + Invocie No'!$B$4:$Y$185,24,0) -> Book And 2B Match
A14: 45778 | B14: Rootcause Technology Private Limited | C14: 24AALCR1836M1Z1 | D14: Purchase | F14: INV-R000368 | G14: =CONCATENATE(C14,"_",F14) -> 24AALCR1836M1Z1_INV-R000368 | H14: 45789 | I14: 31352.6 | J14: 26570 | K14: 18 | L14: 4782.6 | M14: 0 | N14: 0 | P14: =VLOOKUP(G14,'GST + Invocie No'!$B$4:$Y$185,24,0) -> Book And 2B Match
A15: 45778 | B15: Dove Soft Ltd (P) | C15: 27AADCD9460D1ZO | D15: Purchase | F15: 25-26/5/206 | G15: =CONCATENATE(C15,"_",F15) -> 27AADCD9460D1ZO_25-26/5/206 | H15: 45808 | I15: 11800 | J15: 10000 | K15: 18 | L15: 0 | M15: 900 | N15: 900 | P15: =VLOOKUP(G15,'GST + Invocie No'!$B$4:$Y$185,24,0) -> Book And 2B Match
... A151: 46023 | B151: Genshi Solutions Private Limited | C151: 06AAKCG3365R1ZX | D151: Debit Note | F151: RC-3126 | G151: =CONCATENATE(C151,"_",F151) -> 06AAKCG3365R1ZX_RC-3126 | H151: 46009 | I151: -88500 | J151: -75000 | K151: 18 | L151: -13500 | M151: 0 | N151: 0 | P151: =VLOOKUP(G151,'GST + Invocie No'!$B$4:$Y$185,24,0) -> Book And 2B Match
L153: =SUM(L4:L152) -> 47697575 | M153: =SUM(M4:M152) -> 3539638.5 | N153: =SUM(N4:N152) -> 3539638.5
L155: 47697575 | M155: 3539638.5 | N155: 3539638.5
L157: =+L153-L155 -> 0 | M157: =+M153-M155 -> 0 | N157: =+N153-N155 -> 0

Sheet GST Wise Reco
A1: GST No Taken And Duplication remove
C2: As per Book | I2: As per 2B | O2: Diff Book vs 2B
A3: GST No | B3: 0 | C3: Book Taxable Amount | D3: Book IGST | E3: Book CGST | F3: Book SGST | G3: Cess | H3: 0 | I3: 2B Taxable Amount | J3: 2B IGST | K3: 2B CGST | L3: 2B SGST | M3: Cess | N3: 0 | O3: Taxable Amount | P3: IGST | Q3: CGST | R3: SGST | S3: Cess
A4: 27AAICT8273F1ZY | C4: =SUMIF(Book!$C:$C,$A4,Book!J:J) -> 120086.7 | D4: =SUMIF(Book!$C:$C,$A4,Book!L:L) -> 0 | E4: =SUMIF(Book!$C:$C,$A4,Book!M:M) -> 10807.8 | F4: =SUMIF(Book!$C:$C,$A4,Book!N:N) -> 10807.8 | G4: =SUMIF(Book!$C:$C,$A4,Book!O:O) -> 0 | I4: =SUMIF('GSTR-2B'!$C:$C,$A4,'GSTR-2B'!J:J) -> 120086.7 | J4: =SUMIF('GSTR-2B'!$C:$C,$A4,'GSTR-2B'!L:L) -> 0 | K4: =SUMIF('GSTR-2B'!$C:$C,$A4,'GSTR-2B'!M:M) -> 10807.8 | L4: =SUMIF('GSTR-2B'!$C:$C,$A4,'GSTR-2B'!N:N) -> 10807.8 | M4: =SUMIF('GSTR-2B'!$C:$C,$A4,'GSTR-2B'!O:O) -> 0 | O4: =+C4-I4 -> 0 | P4: =+D4-J4 -> 0 | Q4: =+E4-K4 -> 0 | R4: =+F4-L4 -> 0 | S4: =+G4-M4 -> 0 | T4: Book And 2B Match
A5: 08AAECP9085D2Z5 | C5: =SUMIF(Book!$C:$C,$A5,Book!J:J) -> 6021367.8 | D5: =SUMIF(Book!$C:$C,$A5,Book!L:L) -> 1083846.2 | E5: =SUMIF(Book!$C:$C,$A5,Book!M:M) -> 0 | F5: =SUMIF(Book!$C:$C,$A5,Book!N:N) -> 0 | G5: =SUMIF(Book!$C:$C,$A5,Book!O:O) -> 0 | I5: =SUMIF('GSTR-2B'!$C:$C,$A5,'GSTR-2B'!J:J) -> 6021367.8 | J5: =SUMIF('GSTR-2B'!$C:$C,$A5,'GSTR-2B'!L:L) -> 1083846.2 | K5: =SUMIF('GSTR-2B'!$C:$C,$A5,'GSTR-2B'!M:M) -> 0 | L5: =SUMIF('GSTR-2B'!$C:$C,$A5,'GSTR-2B'!N:N) -> 0 | M5: =SUMIF('GSTR-2B'!$C:$C,$A5,'GSTR-2B'!O:O) -> 0 | O5: =+C5-I5 -> 0 | P5: =+D5-J5 -> 0 | Q5: =+E5-K5 -> 0 | R5: =+F5-L5 -> 0 | S5: =+G5-M5 -> 0 | T5: Book And 2B Match
A6: 27AALCB9501D1ZS | C6: =SUMIF(Book!$C:$C,$A6,Book!J:J) -> 18280760 | D6: =SUMIF(Book!$C:$C,$A6,Book!L:L) -> 0 | E6: =SUMIF(Book!$C:$C,$A6,Book!M:M) -> 1645268.4 | F6: =SUMIF(Book!$C:$C,$A6,Book!N:N) -> 1645268.4 | G6: =SUMIF(Book!$C:$C,$A6,Book!O:O) -> 0 | I6: =SUMIF('GSTR-2B'!$C:$C,$A6,'GSTR-2B'!J:J) -> 18280760 | J6: =SUMIF('GSTR-2B'!$C:$C,$A6,'GSTR-2B'!L:L) -> 0 | K6: =SUMIF('GSTR-2B'!$C:$C,$A6,'GSTR-2B'!M:M) -> 1645268.4 | L6: =SUMIF('GSTR-2B'!$C:$C,$A6,'GSTR-2B'!N:N) -> 1645268.4 | M6: =SUMIF('GSTR-2B'!$C:$C,$A6,'GSTR-2B'!O:O) -> 0 | O6: =+C6-I6 -> 0.02 | P6: =+D6-J6 -> 0 | Q6: =+E6-K6 -> 0 | R6: =+F6-L6 -> 0 | S6: =+G6-M6 -> 0 | T6: Book And 2B Match
A7: 27AADCD9460D1ZO | C7: =SUMIF(Book!$C:$C,$A7,Book!J:J) -> 7688333.7 | D7: =SUMIF(Book!$C:$C,$A7,Book!L:L) -> 0 | E7: =SUMIF(Book!$C:$C,$A7,Book!M:M) -> 691950.02 | F7: =SUMIF(Book!$C:$C,$A7,Book!N:N) -> 691950.02 | G7: =SUMIF(Book!$C:$C,$A7,Book!O:O) -> 0 | I7: =SUMIF('GSTR-2B'!$C:$C,$A7,'GSTR-2B'!J:J) -> 7688333.7 | J7: =SUMIF('GSTR-2B'!$C:$C,$A7,'GSTR-2B'!L:L) -> 0 | K7: =SUMIF('GSTR-2B'!$C:$C,$A7,'GSTR-2B'!M:M) -> 691950 | L7: =SUMIF('GSTR-2B'!$C:$C,$A7,'GSTR-2B'!N:N) -> 691950 | M7: =SUMIF('GSTR-2B'!$C:$C,$A7,'GSTR-2B'!O:O) -> 0 | O7: =+C7-I7 -> 0.0099999998 | P7: =+D7-J7 -> 0 | Q7: =+E7-K7 -> 0.02 | R7: =+F7-L7 -> 0.02 | S7: =+G7-M7 -> 0 | T7: Book And 2B Match
A8: 07AAHCT4293N1ZO | C8: =SUMIF(Book!$C:$C,$A8,Book!J:J) -> 298675.39 | D8: =SUMIF(Book!$C:$C,$A8,Book!L:L) -> 53761.57 | E8: =SUMIF(Book!$C:$C,$A8,Book!M:M) -> 0 | F8: =SUMIF(Book!$C:$C,$A8,Book!N:N) -> 0 | G8: =SUMIF(Book!$C:$C,$A8,Book!O:O) -> 0 | I8: =SUMIF('GSTR-2B'!$C:$C,$A8,'GSTR-2B'!J:J) -> 271367.85 | J8: =SUMIF('GSTR-2B'!$C:$C,$A8,'GSTR-2B'!L:L) -> 48846.21 | K8: =SUMIF('GSTR-2B'!$C:$C,$A8,'GSTR-2B'!M:M) -> 0 | L8: =SUMIF('GSTR-2B'!$C:$C,$A8,'GSTR-2B'!N:N) -> 0 | M8: =SUMIF('GSTR-2B'!$C:$C,$A8,'GSTR-2B'!O:O) -> 0 | O8: =+C8-I8 -> 27307.54 | P8: =+D8-J8 -> 4915.36 | Q8: =+E8-K8 -> 0 | R8: =+F8-L8 -> 0 | S8: =+G8-M8 -> 0 | T8: Book And 2B Mis-Match
A9: 27ABDCS7338G1Z4 | C9: =SUMIF(Book!$C:$C,$A9,Book!J:J) -> 2568630 | D9: =SUMIF(Book!$C:$C,$A9,Book!L:L) -> 0 | E9: =SUMIF(Book!$C:$C,$A9,Book!M:M) -> 231176.7 | F9: =SUMIF(Book!$C:$C,$A9,Book!N:N) -> 231176.7 | G9: =SUMIF(Book!$C:$C,$A9,Book!O:O) -> 0 | I9: =SUMIF('GSTR-2B'!$C:$C,$A9,'GSTR-2B'!J:J) -> 2568630 | J9: =SUMIF('GSTR-2B'!$C:$C,$A9,'GSTR-2B'!L:L) -> 0 | K9: =SUMIF('GSTR-2B'!$C:$C,$A9,'GSTR-2B'!M:M) -> 231176.71 | L9: =SUMIF('GSTR-2B'!$C:$C,$A9,'GSTR-2B'!N:N) -> 231176.71 | M9: =SUMIF('GSTR-2B'!$C:$C,$A9,'GSTR-2B'!O:O) -> 0 | O9: =+C9-I9 -> 0.01 | P9: =+D9-J9 -> 0 | Q9: =+E9-K9 -> -0.01 | R9: =+F9-L9 -> -0.01 | S9: =+G9-M9 -> 0 | T9: Book And 2B Match
A10: 27AACCR7740M1ZX | C10: =SUMIF(Book!$C:$C,$A10,Book!J:J) -> 6241917 | D10: =SUMIF(Book!$C:$C,$A10,Book!L:L) -> 0 | E10: =SUMIF(Book!$C:$C,$A10,Book!M:M) -> 561772.53 | F10: =SUMIF(Book!$C:$C,$A10,Book!N:N) -> 561772.53 | G10: =SUMIF(Book!$C:$C,$A10,Book!O:O) -> 0 | I10: =SUMIF('GSTR-2B'!$C:$C,$A10,'GSTR-2B'!J:J) -> 6241917 | J10: =SUMIF('GSTR-2B'!$C:$C,$A10,'GSTR-2B'!L:L) -> 0 | K10: =SUMIF('GSTR-2B'!$C:$C,$A10,'GSTR-2B'!M:M) -> 561772.53 | L10: =SUMIF('GSTR-2B'!$C:$C,$A10,'GSTR-2B'!N:N) -> 561772.53 | M10: =SUMIF('GSTR-2B'!$C:$C,$A10,'GSTR-2B'!O:O) -> 0 | O10: =+C10-I10 -> 0 | P10: =+D10-J10 -> 0 | Q10: =+E10-K10 -> 0 | R10: =+F10-L10 -> 0 | S10: =+G10-M10 -> 0 | T10: Book And 2B Match
A11: 24AALCR1836M1Z1 | C11: =SUMIF(Book!$C:$C,$A11,Book!J:J) -> 102151 | D11: =SUMIF(Book!$C:$C,$A11,Book!L:L) -> 18387.18 | E11: =SUMIF(Book!$C:$C,$A11,Book!M:M) -> 0 | F11: =SUMIF(Book!$C:$C,$A11,Book!N:N) -> 0 | G11: =SUMIF(Book!$C:$C,$A11,Book!O:O) -> 0 | I11: =SUMIF('GSTR-2B'!$C:$C,$A11,'GSTR-2B'!J:J) -> 102151 | J11: =SUMIF('GSTR-2B'!$C:$C,$A11,'GSTR-2B'!L:L) -> 18387.18 | K11: =SUMIF('GSTR-2B'!$C:$C,$A11,'GSTR-2B'!M:M) -> 0 | L11: =SUMIF('GSTR-2B'!$C:$C,$A11,'GSTR-2B'!N:N) -> 0 | M11: =SUMIF('GSTR-2B'!$C:$C,$A11,'GSTR-2B'!O:O) -> 0 | O11: =+C11-I11 -> 0 | P11: =+D11-J11 -> 0 | Q11: =+E11-K11 -> 0 | R11: =+F11-L11 -> 0 | S11: =+G11-M11 -> 0 | T11: Book And 2B Match
A12: 08AAPCS9984F1ZG | C12: =SUMIF(Book!$C:$C,$A12,Book!J:J) -> 40216877 | D12: =SUMIF(Book!$C:$C,$A12,Book!L:L) -> 7239037.9 | E12: =SUMIF(Book!$C:$C,$A12,Book!M:M) -> 0 | F12: =SUMIF(Book!$C:$C,$A12,Book!N:N) -> 0 | G12: =SUMIF(Book!$C:$C,$A12,Book!O:O) -> 0 | I12: =SUMIF('GSTR-2B'!$C:$C,$A12,'GSTR-2B'!J:J) -> 40216877 | J12: =SUMIF('GSTR-2B'!$C:$C,$A12,'GSTR-2B'!L:L) -> 7239037.9 | K12: =SUMIF('GSTR-2B'!$C:$C,$A12,'GSTR-2B'!M:M) -> 0 | L12: =SUMIF('GSTR-2B'!$C:$C,$A12,'GSTR-2B'!N:N) -> 0 | M12: =SUMIF('GSTR-2B'!$C:$C,$A12,'GSTR-2B'!O:O) -> 0 | O12: =+C12-I12 -> 0 | P12: =+D12-J12 -> 0 | Q12: =+E12-K12 -> 0 | R12: =+F12-L12 -> 0 | S12: =+G12-M12 -> 0 | T12: Book And 2B Match
A13: 27AASCA5981H1Z2 | C13: =SUMIF(Book!$C:$C,$A13,Book!J:J) -> 3376484.1 | D13: =SUMIF(Book!$C:$C,$A13,Book!L:L) -> 0 | E13: =SUMIF(Book!$C:$C,$A13,Book!M:M) -> 303883.57 | F13: =SUMIF(Book!$C:$C,$A13,Book!N:N) -> 303883.57 | G13: =SUMIF(Book!$C:$C,$A13,Book!O:O) -> 0 | I13: =SUMIF('GSTR-2B'!$C:$C,$A13,'GSTR-2B'!J:J) -> 3376484.1 | J13: =SUMIF('GSTR-2B'!$C:$C,$A13,'GSTR-2B'!L:L) -> 0 | K13: =SUMIF('GSTR-2B'!$C:$C,$A13,'GSTR-2B'!M:M) -> 303883.57 | L13: =SUMIF('GSTR-2B'!$C:$C,$A13,'GSTR-2B'!N:N) -> 303883.57 | M13: =SUMIF('GSTR-2B'!$C:$C,$A13,'GSTR-2B'!O:O) -> 0 | O13: =+C13-I13 -> 0 | P13: =+D13-J13 -> 0 | Q13: =+E13-K13 -> 0 | R13: =+F13-L13 -> 0 | S13: =+G13-M13 -> 0 | T13: Book And 2B Match
A14: 23AAQCM8669N1ZG | C14: =SUMIF(Book!$C:$C,$A14,Book!J:J) -> 3445717.1 | D14: =SUMIF(Book!$C:$C,$A14,Book!L:L) -> 620232.1 | E14: =SUMIF(Book!$C:$C,$A14,Book!M:M) -> 0 | F14: =SUMIF(Book!$C:$C,$A14,Book!N:N) -> 0 | G14: =SUMIF(Book!$C:$C,$A14,Book!O:O) -> 0 | I14: =SUMIF('GSTR-2B'!$C:$C,$A14,'GSTR-2B'!J:J) -> 3445717.1 | J14: =SUMIF('GSTR-2B'!$C:$C,$A14,'GSTR-2B'!L:L) -> 620232.1 | K14: =SUMIF('GSTR-2B'!$C:$C,$A14,'GSTR-2B'!M:M) -> 0 | L14: =SUMIF('GSTR-2B'!$C:$C,$A14,'GSTR-2B'!N:N) -> 0 | M14: =SUMIF('GSTR-2B'!$C:$C,$A14,'GSTR-2B'!O:O) -> 0 | O14: =+C14-I14 -> 0 | P14: =+D14-J14 -> 0 | Q14: =+E14-K14 -> 0 | R14: =+F14-L14 -> 0 | S14: =+G14-M14 -> 0 | T14: Book And 2B Match
A15: 09AACCO0905F2ZR | C15: =SUMIF(Book!$C:$C,$A15,Book!J:J) -> 2.1136568e+08 | D15: =SUMIF(Book!$C:$C,$A15,Book!L:L) -> 38045822 | E15: =SUMIF(Book!$C:$C,$A15,Book!M:M) -> 0 | F15: =SUMIF(Book!$C:$C,$A15,Book!N:N) -> 0 | G15: =SUMIF(Book!$C:$C,$A15,Book!O:O) -> 0 | I15: =SUMIF('GSTR-2B'!$C:$C,$A15,'GSTR-2B'!J:J) -> 2.1136568e+08 | J15: =SUMIF('GSTR-2B'!$C:$C,$A15,'GSTR-2B'!L:L) -> 38045822 | K15: =SUMIF('GSTR-2B'!$C:$C,$A15,'GSTR-2B'!M:M) -> 0 | L15: =SUMIF('GSTR-2B'!$C:$C,$A15,'GSTR-2B'!N:N) -> 0 | M15: =SUMIF('GSTR-2B'!$C:$C,$A15,'GSTR-2B'!O:O) -> 0 | O15: =+C15-I15 -> 0 | P15: =+D15-J15 -> -0.020000003 | Q15: =+E15-K15 -> 0 | R15: =+F15-L15 -> 0 | S15: =+G15-M15 -> 0 | T15: Book And 2B Match
... A31: 27BVDPM7213A1ZZ | C31: =SUMIF(Book!$C:$C,$A31,Book!J:J) -> 0 | D31: =SUMIF(Book!$C:$C,$A31,Book!L:L) -> 0 | E31: =SUMIF(Book!$C:$C,$A31,Book!M:M) -> 0 | F31: =SUMIF(Book!$C:$C,$A31,Book!N:N) -> 0 | G31: =SUMIF(Book!$C:$C,$A31,Book!O:O) -> 0 | I31: =SUMIF('GSTR-2B'!$C:$C,$A31,'GSTR-2B'!J:J) -> 312568 | J31: =SUMIF('GSTR-2B'!$C:$C,$A31,'GSTR-2B'!L:L) -> 0 | K31: =SUMIF('GSTR-2B'!$C:$C,$A31,'GSTR-2B'!M:M) -> 28131 | L31: =SUMIF('GSTR-2B'!$C:$C,$A31,'GSTR-2B'!N:N) -> 28131 | M31: =SUMIF('GSTR-2B'!$C:$C,$A31,'GSTR-2B'!O:O) -> 0 | O31: =+C31-I31 -> -312568 | P31: =+D31-J31 -> 0 | Q31: =+E31-K31 -> -28131 | R31: =+F31-L31 -> -28131 | S31: =+G31-M31 -> 0 | T31: Only for the 2B
C32: =SUMIF(Book!$C:$C,$A32,Book!J:J) -> 0 | D32: =SUMIF(Book!$C:$C,$A32,Book!L:L) -> 0 | E32: =SUMIF(Book!$C:$C,$A32,Book!M:M) -> 0 | F32: =SUMIF(Book!$C:$C,$A32,Book!N:N) -> 0 | G32: =SUMIF(Book!$C:$C,$A32,Book!O:O) -> 0 | I32: =SUMIF('GSTR-2B'!$C:$C,$A32,'GSTR-2B'!J:J) -> 0 | J32: =SUMIF('GSTR-2B'!$C:$C,$A32,'GSTR-2B'!L:L) -> 0 | K32: =SUMIF('GSTR-2B'!$C:$C,$A32,'GSTR-2B'!M:M) -> 0 | L32: =SUMIF('GSTR-2B'!$C:$C,$A32,'GSTR-2B'!N:N) -> 0 | M32: =SUMIF('GSTR-2B'!$C:$C,$A32,'GSTR-2B'!O:O) -> 0 | O32: =+C32-I32 -> 0 | P32: =+D32-J32 -> 0 | Q32: =+E32-K32 -> 0 | R32: =+F32-L32 -> 0 | S32: =+G32-M32 -> 0 | T32: Book And 2B Match
C33: =SUMIF(Book!$C:$C,$A33,Book!J:J) -> 0 | D33: =SUMIF(Book!$C:$C,$A33,Book!L:L) -> 0 | E33: =SUMIF(Book!$C:$C,$A33,Book!M:M) -> 0 | F33: =SUMIF(Book!$C:$C,$A33,Book!N:N) -> 0 | G33: =SUMIF(Book!$C:$C,$A33,Book!O:O) -> 0 | I33: =SUMIF('GSTR-2B'!$C:$C,$A33,'GSTR-2B'!J:J) -> 0 | J33: =SUMIF('GSTR-2B'!$C:$C,$A33,'GSTR-2B'!L:L) -> 0 | K33: =SUMIF('GSTR-2B'!$C:$C,$A33,'GSTR-2B'!M:M) -> 0 | L33: =SUMIF('GSTR-2B'!$C:$C,$A33,'GSTR-2B'!N:N) -> 0 | M33: =SUMIF('GSTR-2B'!$C:$C,$A33,'GSTR-2B'!O:O) -> 0 | O33: =+C33-I33 -> 0 | P33: =+D33-J33 -> 0 | Q33: =+E33-K33 -> 0 | R33: =+F33-L33 -> 0 | S33: =+G33-M33 -> 0 | T33: Book And 2B Match
C36: =SUM(C4:C35) -> 3.043158e+08 | D36: =SUM(D4:D35) -> 47697575 | E36: =SUM(E4:E35) -> 3539638.5 | F36: =SUM(F4:F35) -> 3539638.5 | G36: =SUM(G4:G35) -> 0 | I36: =SUM(I4:I35) -> 3.0452606e+08 | J36: =SUM(J4:J35) -> 47679160 | K36: =SUM(K4:K35) -> 3567767 | L36: =SUM(L4:L35) -> 3567767 | M36: =SUM(M4:M35) -> 0 | O36: =SUM(O3:O33) -> -210260.42 | P36: =SUM(P3:P33) -> 18415.34 | Q36: =SUM(Q3:Q33) -> -28128.49 | R36: =SUM(R3:R33) -> -28128.49 | S36: =SUM(S3:S33) -> 0
D38: 47697575 | E38: 3539638.5 | F38: 3539638.5 | J38: 47679160 | K38: 3567767 | L38: 3567767 | P38: 18415.34 | Q38: -28128.49 | R38: -28128.49
D40: =+D36-D38 -> 0 | E40: =+E36-E38 -> 0 | F40: =+F36-F38 -> 0 | G40: =+G36-G38 -> 0 | J40: =+J36-J38 -> 0 | K40: =+K36-K38 -> 0 | L40: =+L36-L38 -> 0 | M40: =+M36-M38 -> 0 | P40: =+P36-P38 -> -3.1286618e-09 | Q40: =+Q36-Q38 -> 1.7462298e-10 | R40: =+R36-R38 -> 1.7462298e-10 | S40: =+S36-S38 -> 0
