Workbook

Sheet GST + Invocie No
X1: Book And 2B Match-Invocies No Mis-Match
Q2: =SUBTOTAL(9,Q5:Q5) | R2: =SUBTOTAL(9,R5:R5) | S2: =SUBTOTAL(9,S5:S5) | T2: =SUBTOTAL(9,T5:T5) | U2: =SUBTOTAL(9,U5:U5)
E3: As per Book | K3: As per 2B | Q3: Diff Book vs 2B
A4: PAN / GST No | B4: GST + Invoices No | C4: Counts | D4: 0 | E4: Book Taxable Amount | F4: Book IGST | G4: Book CGST | H4: Book SGST | I4: Cess | J4: 0 | K4: 2B Taxable Amount | L4: 2B IGST | M4: 2B CGST | N4: 2B SGST | O4: Cess | P4: 0 | Q4: Taxable Amount | R4: IGST | S4: CGST | T4: SGST | U4: Cess | V4: 0 | W4: GST Wise Status | X4: Status | Y4: Final Remarks
A5: AAICT8273F | B5: AAICT8273F_INV-555 | D5: 0 | E5: =SUMIF(Book!$G:$G,$B5,Book!J:J) | F5: =SUMIF(Book!$G:$G,$B5,Book!L:L) | G5: =SUMIF(Book!$G:$G,$B5,Book!M:M) | H5: =SUMIF(Book!$G:$G,$B5,Book!N:N) | I5: =SUMIF(Book!$G:$G,$B5,Book!O:O) | J5: 0 | K5: =SUMIF('GSTR-2B'!$G:$G,$B5,'GSTR-2B'!J:J) | L5: =SUMIF('GSTR-2B'!$G:$G,$B5,'GSTR-2B'!L:L) | M5: =SUMIF('GSTR-2B'!$G:$G,$B5,'GSTR-2B'!M:M) | N5: =SUMIF('GSTR-2B'!$G:$G,$B5,'GSTR-2B'!N:N) | O5: =SUMIF('GSTR-2B'!$G:$G,$B5,'GSTR-2B'!O:O) | P5: 0 | Q5: =+E5-K5 | R5: =+F5-L5 | S5: =+G5-M5 | T5: =+H5-N5 | U5: =+I5-O5 | V5: 0 | W5: =VLOOKUP(A5,'GST Wise Reco'!$A$4:$T$4,20,0) | X5: Book And 2B Match | Y5: Book And 2B Match
B7: Grand Total | E7: =SUM(E5:E5) | F7: =SUM(F5:F5) | G7: =SUM(G5:G5) | H7: =SUM(H5:H5) | I7: =SUM(I5:I5) | K7: =SUM(K5:K5) | L7: =SUM(L5:L5) | M7: =SUM(M5:M5) | N7: =SUM(N5:N5) | O7: =SUM(O5:O5) | Q7: =SUM(Q5:Q5) | R7: =SUM(R5:R5) | S7: =SUM(S5:S5) | T7: =SUM(T5:T5) | U7: =SUM(U5:U5)

Sheet GSTR-2B
L1: =SUM(L4:L4) | M1: =SUM(M4:M4) | N1: =SUM(N4:N4)
A3: Period | B3: Trade/Legal name | C3: GSTIN/PAN | D3: Invoice Type | E3: Reverse Charge | F3: Invoice No | G3: Key | H3: Invoice Date | I3: Invoice Value | J3: Taxable Value | K3: Tax Rate | L3: IGST | M3: CGST | N3: SGST | O3: Cess | P3: Final Remarks
A4: May 2025 | B4: Vendor C | C4: 27AAICT8273F1ZY | F4: INV-555 | G4: AAICT8273F_INV-555 | I4: 0 | J4: 2000 | K4: 0 | L4: 360 | M4: 0 | N4: 0 | O4: 0 | P4: =VLOOKUP(G4,'GST + Invocie No'!$B$5:$Y$6,24,0)

Sheet Book
A3: Period | B3: Trade/Legal name | C3: GSTIN/PAN | D3: Invoice Type | E3: Reverse Charge | F3: Invoice No | G3: Key | H3: Invoice Date | I3: Invoice Value | J3: Taxable Value | K3: Tax Rate | L3: IGST | M3: CGST | N3: SGST | O3: Cess | P3: Final Report
A4: May 2025 | B4: Vendor C | C4: AAICT8273F | F4: INV-555 | G4: AAICT8273F_INV-555 | I4: 0 | J4: 2000 | K4: 0 | L4: 360 | M4: 0 | N4: 0 | O4: 0 | P4: =VLOOKUP(G4,'GST + Invocie No'!$B$5:$Y$6,24,0)

Sheet GST Wise Reco
A1: GST / PAN Wise Reconciliation Summary
C2: As per Book | I2: As per 2B | O2: Diff Book vs 2B
A3: PAN / GST No | B3: 0 | C3: Book Taxable Amount | D3: Book IGST | E3: Book CGST | F3: Book SGST | G3: Cess | H3: 0 | I3: 2B Taxable Amount | J3: 2B IGST | K3: 2B CGST | L3: 2B SGST | M3: Cess | N3: 0 | O3: Taxable Amount | P3: IGST | Q3: CGST | R3: SGST | S3: Cess | T3: Status
A4: AAICT8273F | B4: 0 | C4: =SUMIF(Book!$C:$C,"*"&$A4&"*",Book!J:J) | D4: =SUMIF(Book!$C:$C,"*"&$A4&"*",Book!L:L) | E4: =SUMIF(Book!$C:$C,"*"&$A4&"*",Book!M:M) | F4: =SUMIF(Book!$C:$C,"*"&$A4&"*",Book!N:N) | G4: =SUMIF(Book!$C:$C,"*"&$A4&"*",Book!O:O) | H4: 0 | I4: =SUMIF('GSTR-2B'!$C:$C,"*"&$A4&"*",'GSTR-2B'!J:J) | J4: =SUMIF('GSTR-2B'!$C:$C,"*"&$A4&"*",'GSTR-2B'!L:L) | K4: =SUMIF('GSTR-2B'!$C:$C,"*"&$A4&"*",'GSTR-2B'!M:M) | L4: =SUMIF('GSTR-2B'!$C:$C,"*"&$A4&"*",'GSTR-2B'!N:N) | M4: =SUMIF('GSTR-2B'!$C:$C,"*"&$A4&"*",'GSTR-2B'!O:O) | N4: 0 | O4: =+C4-I4 | P4: =+D4-J4 | Q4: =+E4-K4 | R4: =+F4-L4 | S4: =+G4-M4 | T4: Book And 2B Match

Sheet Duplicate Invoices
A1: Duplicate Invoices Report
A3: Source File | B3: Period | C3: Trade/Legal name | D3: GSTIN / PAN | E3: Invoice No | F3: Invoice Date | G3: Invoice Value | H3: Taxable Value | I3: Tax Rate | J3: IGST | K3: CGST | L3: SGST | M3: Cess | N3: Remarks
A4: Book | B4: May 2025 | C4: Vendor C | D4: AAICT8273F | E4: INV-555 | G4: 0 | H4: 2000 | I4: 0 | J4: 360 | K4: 0 | L4: 0 | M4: 0 | N4: Duplicate invoice in Book (appears 2 times)
